id;nom;prenom;adresse
1;Arthur;Ronald;24, Grandview Drive, Boston, MN
2;Roosevelt;Ronald;31, S Rustle St, Montgomery, ND
3;Nixon;Andrew;55, Padre Boulevard, Cheyenne, CO
4;Adams;James;15, El Camino Real, Topeka, SD
5;Pierce;Calvin;67, San Diego Freeway, Juneau, NM
6;Truman;James;37, Erringer Road, Honolulu, ID
7;Fillmore;Millard;30, Monroe Street, Baton Rouge, MT
8;Clinton;Herbert;42, Harbor Dr, Dover, MD
9;Monroe;Rutherford;76, San Diego Freeway, Juneau, NJ
10;Lincoln;Chester;63, North Atherton Street, Juneau, SC
11;Reagan;Richard;37, Santa Rosa North, Albany, KY
12;Ford;Gerald;77, Timberlane Drive, Montpelier, MO
13;Jefferson;Bill;24, North Erringer Road, Olympia, NH
14;Clinton;John;74, Katella Avenue, Lincoln, AR
15;Van Buren;Zachary;32, Santa Rosa South, Atlanta, AR
16;Madison;Lyndon;80, Bayshore Freeway, Providence, GA
17;Grant;Grover;23, W. Russell St., Richmond, MS
18;Adams;Theodore;50, North Broadway Street, Phoenix, IL
19;Hayes;George;43, East 1st Street, Harrisburg, DE
20;Garfield;Theodore;4, Fairview Avenue, Santa Fe, MA
21;Roosevelt;Jimmy;37, Lake Tahoe Blvd., Juneau, CA
22;Buchanan;Andrew;84, Katella Avenue, Annapolis, NV
23;Johnson;Grover;39, E Fowler Avenue, Salem, VT
24;Johnson;Richard;29, Lawrenceville Suwanee, Olympia, NV
25;Grant;John;27, Pacific Hwy S, Concord, WV
26;Wilson;Andrew;47, N Harrison St, Trenton, UT
27;Buchanan;Chester;29, Jean de la Fontaine, Honolulu, NV
28;Roosevelt;James;21, Santa Monica Road, Salt Lake City, OH
29;Adams;George;84, San Ysidro Blvd, Olympia, MS
30;Buchanan;Woodrow;54, Westside Freeway, Lincoln, MT
31;Hoover;Grover;26, Fontaine Road, Indianapolis, VT
32;Quincy;Gerald;32, Woodson Rd., Springfield, VA
33;Quincy;Lyndon;2, San Simeon, Boise, VT
34;Taft;Lyndon;76, E Fowler Avenue, Lincoln, WA
35;Tyler;James;82, Tully Road East, Little Rock, UT
36;Roosevelt;Rutherford;42, San Diego Freeway, Jackson, NM
37;Nixon;Thomas;26, Fairview Avenue, Oklahoma City, ME
38;Cleveland;Harry;68, El Camino Real, Columbus, NJ
39;Coolidge;Richard;88, El Camino Real, Phoenix, FL
40;Roosevelt;Benjamin;87, San Diego Freeway, Richmond, TX
41;Adams;James;40, Cerrillos Road, Frankfort, ND
42;Tyler;Andrew;39, Milpas Street, Salem, AL
43;Wilson;Benjamin;84, North Preisker Lane, Little Rock, MN
44;Coolidge;Warren;43, North Atherton Street, Lansing, AZ
45;Harrison;Woodrow;3, North Atherton Street, Lincoln, AR
46;Washington;Thomas;74, San Simeon, Boston, PA
47;Truman;Herbert;29, N Kentwood, Austin, DE
48;Johnson;Grover;45, Greenwood Road, Jackson, DE
49;Polk;Rutherford;58, Cleveland Ave., Cheyenne, OR
50;Clinton;Bill;52, Milpas Street, Pierre, DE
51;Lincoln;Franklin;16, East Fry Blvd., Jackson, NM
52;Van Buren;Calvin;67, Pacific Hwy S, Des Moines, VT
53;Adams;Warren;33, Moreno Drive, Madison, IN
54;Pierce;Franklin;72, Jean de la Fontaine, Montgomery, VA
55;Fillmore;Millard;50, San Ysidro Blvd, Madison, NH
56;Pierce;James;98, W. Russell St., Albany, IA
57;Fillmore;Woodrow;45, Santa Rosa North, Baton Rouge, WV
58;Wilson;Dwight;50, Westside Freeway, Montgomery, AR
59;Hoover;Andrew;11, Cleveland Ave., Columbia, NE
60;Nixon;Martin;79, Monroe Street, Harrisburg, NY
61;Hoover;Richard;73, Woodson Rd., Raleigh, SC
62;Tyler;Lyndon;41, Cleveland Ave., Springfield, NC
63;Roosevelt;Theodore;74, Katella Avenue, Boise, MT
64;Monroe;Dwight;96, El Camino Real, Cheyenne, FL
65;McKinley;Gerald;30, Timberlane Drive, Jackson, GA
66;Cleveland;Benjamin;30, San Marcos, Little Rock, DE
67;Truman;Jimmy;48, Cabrillo Highway, Oklahoma City, ND
68;Coolidge;Warren;37, N Kentwood, Springfield, MI
69;Clinton;Jimmy;92, Erringer Road, Augusta, WV
70;Harrison;Franklin;70, French Camp Turnpike Road, Hartford, KS
71;Lincoln;Herbert;77, Harbor Dr, Montpelier, MO
72;Adams;Calvin;62, Hutchinson Rd, Little Rock, VA
73;Ford;Dwight;34, Padre Boulevard, Topeka, IN
74;Hoover;Herbert;67, San Marcos, Richmond, NM
75;Coolidge;Zachary;99, Bowles Avenue, Topeka, AL
76;Johnson;Harry;38, Santa Rosa South, Columbia, CO
77;Coolidge;John;95, Via Real, Oklahoma City, IA
78;Harrison;Rutherford;45, Timberlane Drive, Columbus, NV
79;Clinton;Woodrow;54, Hutchinson Rd, Santa Fe, CO
80;Wilson;Franklin;46, Newbury Road, Dover, IL
81;Hoover;Ronald;63, Katella Avenue, Tallahassee, MI
82;Reagan;Franklin;47, San Diego Freeway, Atlanta, CO
83;Quincy;Abraham;6, North Atherton Street, Harrisburg, CA
84;Taft;Herbert;64, Redwood Highway, Annapolis, PA
85;Johnson;Richard;61, Cleveland Ave., Madison, AL
86;Arthur;Millard;32, South Roosevelt Drive, Olympia, NV
87;Van Buren;James;94, Milpas Street, Atlanta, WV
88;Kennedy;Franklin;65, N Harrison St, Boston, ID
89;Adams;Ulysses;74, Westside Freeway, Boston, WA
90;Tyler;Gerald;96, S Rustle St, Columbus, MI
91;Garfield;Abraham;38, Bayshore Freeway, Richmond, IL
92;Truman;Harry;4, San Marcos, Phoenix, ID
93;Van Buren;Warren;34, Pacific Hwy S, Harrisburg, RI
94;Harrison;Herbert;19, Jean de la Fontaine, Boston, RI
95;Polk;John;86, Erringer Road, Santa Fe, SC
96;Hayes;Calvin;81, Carpinteria Avenue, Springfield, GA
97;Harrison;Gerald;82, Lawrenceville Suwanee, Jefferson City, ND
98;Hayes;Gerald;18, E Fowler Avenue, Dover, UT
99;Taft;Woodrow;43, Padre Boulevard, Des Moines, MT
100;Harding;Andrew;85, San Marcos, Little Rock, WA
